i,Xi,Ri,Ni
1,1963362406,0.457131,1.003671
2,437421197,0.101845,0.747139
3,3790920840,0.882643,0.180023
4,3473167943,0.808660,-0.466114
5,3874922234,0.902201,0.007944
6,3233194513,0.752787,-0.453623
7,2649814076,0.616958,0.746692
8,483869291,0.112660,0.639031
9,4098290894,0.954208,0.128822
10,3518068181,0.819114,-0.277764
11,422694192,0.098416,-1.710681
12,1701281487,0.396110,1.307926
13,23977442,0.005583,0.038685
14,3229434841,0.751911,-3.220974
15,2349128548,0.546949,-0.296655
16,3034312563,0.706481,-1.057731
17,1866264118,0.434523,-1.149151
18,1823903773,0.424661,0.588611
19,2448741080,0.570142,0.231441
20,3371677783,0.785030,-1.034493
21,620034506,0.144363,1.485804
22,488644257,0.113771,1.289665
23,2164107148,0.503870,0.263730
24,918437243,0.213840,1.140753
25,3516535966,0.818757,-0.137078
26,1223095141,0.284774,0.617369
27,3120598400,0.726571,-0.149376
28,3092718303,0.720080,-0.785191
29,3095892658,0.720819,0.769245
30,4079374953,0.949803,-0.250993
31,3866622132,0.900268,0.451262
32,120736899,0.028111,0.080545
33,490997766,0.114319,-1.587954
34,2628501421,0.611996,-1.347562
35,1466670376,0.341486,1.186399
36,3865828967,0.900083,-0.861020
37,2727692442,0.635090,0.880519
38,268107569,0.062424,0.364228
39,4188303068,0.975165,-0.007916
40,1097874571,0.255619,0.224129
41,819226734,0.190741,-1.747439
42,2341606645,0.545198,-0.510034
43,2468389328,0.574717,-1.049880
44,2195720943,0.511231,-0.074210
45,931249026,0.216823,1.640053
46,242042105,0.056355,0.606275
47,1036495364,0.241328,-1.656127
48,2276732307,0.530093,-0.316927
49,1578685910,0.367566,0.370426
50,3402306365,0.792161,-1.365462
51,1398684536,0.325657,0.661377
52,3533817975,0.822781,-1.344025
53,4163144554,0.969308,0.248929
54,53494721,0.012455,0.019521
55,1052396076,0.245030,1.289703
56,3820896155,0.889622,-1.072108
57,3499290686,0.814742,0.324653
58,3584809605,0.834654,-0.551695
59,3862366752,0.899277,0.259634
60,3630380799,0.845264,-0.380681
61,541677650,0.126119,-0.330374
62,3109755785,0.724046,-2.007961
63,2741563220,0.638320,-0.200282
64,3075642019,0.716104,-0.926131
65,3287832486,0.765508,-0.243275
66,2989329101,0.696007,-0.689382
67,4229017032,0.984645,0.166903
68,219838087,0.051185,0.055607
69,87015994,0.020260,-2.791529
70,2129194065,0.495742,0.074708
71,2421438844,0.563785,-0.085995
72,3166258859,0.737202,-1.067131
73,2326965262,0.541789,-0.147029
74,1164788757,0.271199,1.097333
75,4062758512,0.945935,0.181774
76,679585551,0.158228,0.279503
77,1141598498,0.265799,-1.627159
78,2167985689,0.504774,-0.048818
79,1511049380,0.351819,1.216526
80,389970867,0.090797,0.780605
81,1683983734,0.392083,0.261281
82,942417501,0.219424,1.343241
83,1829434392,0.425948,1.290336
84,4187416727,0.974959,-0.204711
85,3229871370,0.752013,-0.118937
86,3113089249,0.724823,-0.745558
87,2277981388,0.530384,-1.075234
88,1941066171,0.451940,0.334933
89,609262558,0.141855,-1.726941
90,1800360357,0.419179,0.961027
91,1125832384,0.262128,-0.593085
92,1327258399,0.309026,1.525153
93,1932848626,0.450026,-1.076825
94,1771009193,0.412345,0.661321
95,632567284,0.147281,0.338883
96,954788035,0.222304,1.927689
97,2819323718,0.656425,0.913918
98,4234143213,0.985838,-0.081536
99,3071217256,0.715073,0.757368
100,4028112551,0.937868,-0.311662
101,137235418,0.031953,1.469597
102,667445617,0.155402,2.174233
103,1739084828,0.404912,0.269712
104,3359269067,0.782141,-1.317355
105,499761070,0.116360,1.237334
106,3658154805,0.851731,-1.664675
107,41040656,0.009556,-1.915649
108,2756989743,0.641912,-2.373091
109,1299375810,0.302535,-1.539448
110,2082993977,0.484985,0.145669
111,2609395524,0.607547,0.336582
112,3456293331,0.804731,-0.939874
113,452531478,0.105363,1.782016
114,3902916989,0.908719,-1.151130
115,807599288,0.188034,-0.567990
116,1289689271,0.300279,1.737715
117,1903894186,0.443285,1.215965
118,209796609,0.048847,0.385375
119,1808564076,0.421089,-0.880029
120,2720166875,0.633338,-0.977431
121,2193299326,0.510667,-0.265134
122,3063503045,0.713277,-1.128618
123,1188295520,0.276672,1.527730
124,210407231,0.048989,0.485685
125,296899474,0.069127,-1.333111
126,1493917129,0.347830,1.888498
127,1912720532,0.445340,-0.233139
128,3095219939,0.720662,-1.250392
129,1013278438,0.235922,0.043471
130,3238711565,0.754071,-1.699004
131,3280715528,0.763851,-0.733966
132,2154616519,0.501661,-0.007659
133,418915706,0.097536,2.106509
134,148993681,0.034690,0.466559
135,424197820,0.098766,1.465152
136,561744619,0.130791,1.575858
137,3120669518,0.726587,-0.159780
138,1211322965,0.282033,0.783111
139,1680146352,0.391190,1.341238
140,140513103,0.032716,0.279654
141,1847604322,0.430179,0.206666
142,3330451545,0.775431,-1.282341
143,3503683044,0.815765,0.507534
144,445204467,0.103657,0.386870
145,1322085558,0.307822,-0.447301
146,3019111581,0.702942,-1.468465
147,1104041304,0.257055,1.179489
148,528636119,0.123083,1.151408
149,1920081994,0.447054,-0.589339
150,2891060001,0.673127,-1.123758
151,2389840396,0.556428,-0.448767
152,2929108475,0.681986,-0.985415
153,1438278430,0.334875,-1.448453
154,2287071205,0.532500,-0.299963
155,998924288,0.232580,0.197010
156,3300250463,0.768399,-1.696534
157,1344899378,0.313134,-0.040734
158,1092015849,0.254255,1.523348
159,2700718900,0.628810,-0.781957
160,1721222403,0.400753,0.562490
161,669918854,0.155978,1.652534
162,3925232685,0.913914,-0.992581
163,2964307880,0.690182,0.818539
164,4079001319,0.949717,-0.267572
165,418778906,0.097505,2.144652
166,75240369,0.017518,0.237021
167,3537729884,0.823692,0.604095
168,168084747,0.039135,0.151612
169,3812775662,0.887731,-0.156716
170,2997760373,0.697970,-0.462183
171,2338919504,0.544572,0.551050
172,715971439,0.166700,0.954910
173,3027980802,0.705007,-0.802656
174,2341529977,0.545180,-0.234178
175,3701605508,0.861847,-0.500404
176,1868154387,0.434964,0.216680
177,12883030,0.003000,2.927221
178,367706045,0.085613,1.746412
179,2603941368,0.606277,0.978554
180,143173879,0.033335,0.208010
181,2664493546,0.620376,0.433271
182,759724097,0.176887,0.875863
183,660599980,0.153808,-1.249042
184,1553393691,0.361678,1.477835
185,3140910782,0.731300,0.394227
186,3577812741,0.833024,-0.685892
187,1063656608,0.247652,1.538023
188,4020643711,0.936129,-0.652647
189,1996656338,0.464883,0.031102
190,1056563209,0.246000,1.237325
191,3745769940,0.872130,-0.512416
192,2009090851,0.467778,0.105183
193,1166915110,0.271694,1.602627
194,82466637,0.019201,0.194288
195,1638076488,0.381394,0.041988
196,3241899783,0.754814,-1.387833
197,1569704122,0.365475,1.024610
198,3772793041,0.878422,-0.981472
199,1443791868,0.336159,-0.265551
200,1197346603,0.278779,1.452524
201,3514030734,0.818174,-0.450869
202,1615044757,0.376032,0.445060
203,3227941104,0.751564,-0.461157
204,2772613007,0.645549,-0.598776
205,585908130,0.136417,-1.212675
206,1520089753,0.353923,1.585399
207,3046400804,0.709295,-0.060682
208,1123832883,0.261663,0.826610
209,1707510774,0.397561,0.571515
210,776868573,0.180879,1.232146
211,2306799256,0.537094,0.843851
212,3808037143,0.886628,-0.728753
213,1174377354,0.273431,1.581930
214,128740705,0.029975,0.301510
215,37627724,0.008761,2.938232
216,4088085051,0.951831,-0.917446
217,2232904286,0.519889,-0.272939
218,3056520741,0.711652,-1.110759
219,1150232896,0.267809,0.370757
220,3378744223,0.786675,-1.580348
221,3265619058,0.760336,0.348737
222,3556538665,0.828071,-0.652972
223,1837658228,0.427863,0.814324
224,612294979,0.142561,1.017242
225,2754352582,0.641298,-0.085100
226,1135538797,0.264388,0.938766
227,227389672,0.052943,-1.358159
228,2814730023,0.655355,-2.008102
229,2955760218,0.688192,-0.175642
230,1213595121,0.282562,0.846479
231,4169391772,0.970762,0.158849
232,588212555,0.136954,0.184701
233,1887317550,0.439425,-0.134062
234,3149635509,0.733332,-1.275383
235,524627344,0.122149,1.061240
236,3593053103,0.836573,-1.754649
237,2950364482,0.686935,0.500629
238,652745657,0.151979,0.707391
239,1716851140,0.399736,1.251484
240,267973203,0.062392,0.517390
241,3871036310,0.901296,0.010050
242,3236296189,0.753509,-0.455788
243,2916368184,0.679020,0.293762
244,3453909303,0.804176,-0.829406
245,728106282,0.169525,-1.572301
246,2546332289,0.592864,-1.037967
247,2125769196,0.494944,0.018691
248,1062968411,0.247492,1.185863
249,960833022,0.223711,-1.436227
250,1742935365,0.405809,0.965427
251,288196064,0.067101,-0.991820
252,1375076287,0.320160,2.102239
253,1668942354,0.388581,1.092214
254,3848708681,0.896097,-0.835211
255,2691647252,0.626698,-0.510015
256,2841347939,0.661553,-0.821259
257,2259764582,0.526142,-1.127970
258,2081168781,0.484560,0.109773
259,1066901896,0.248407,-0.934872
260,2814793543,0.655370,-1.382528
261,1312205818,0.305522,0.342777
262,3374664465,0.785725,-1.501324
263,2749729084,0.640221,-0.817425
264,1788924779,0.416517,0.472969
265,1615417806,0.376119,-0.655229
266,1407069909,0.327609,1.235466
267,2553098800,0.594440,0.710732
268,3748241359,0.872705,-0.731527
269,1169132258,0.272210,-0.305162
270,1203834073,0.280289,1.584058
271,227283044,0.052918,-1.186838
272,1423417459,0.331415,2.114101
273,545975094,0.127120,0.518703
274,897214749,0.208899,1.963721
275,4250720216,0.989698,0.067085
276,742259031,0.172821,0.127321
277,2255242954,0.525090,0.843579
278,501024673,0.116654,0.759439
279,2422963340,0.564140,-0.996520
280,2402291323,0.559327,-0.389684
281,296202654,0.068965,-0.624911
282,1260776549,0.293547,2.226611
283,1063858816,0.247699,-0.539468
284,1298498527,0.302330,1.581157
285,2112389042,0.491829,-0.102172
286,3162528617,0.736334,-1.186933
287,3768610228,0.877448,-0.085790
288,1188969859,0.276829,0.504099
289,1678066950,0.390705,0.767587
290,667539629,0.155424,1.135963
291,3605586472,0.839491,0.584538
292,105275239,0.024511,0.090743
293,3910391194,0.910459,0.218899
294,3583387697,0.834322,-0.373760
295,3587933148,0.835381,-0.551860
296,1872383371,0.435948,0.234917
297,4106044782,0.956013,0.187139
298,3681766901,0.857228,-0.234407
299,4014376656,0.934670,-0.211355
300,2802494447,0.652507,-0.300754
301,3268536450,0.761015,-0.726329
302,2020445689,0.470422,0.136561
303,3722534660,0.866720,-0.470922
304,2485149331,0.578619,-0.253595
305,3827126998,0.891072,-0.400466
306,2547215421,0.593070,-0.265115
307,3242246264,0.754894,-0.459518
308,2770372983,0.645028,-0.592620
309,41572458,0.009679,-0.132617
310,3191450817,0.743068,-3.042686
311,3205144364,0.746256,-0.173314
312,3065024667,0.713632,-0.745209
313,4230417726,0.984971,0.136529
314,3837744005,0.893544,-0.107917
315,1030369056,0.239901,-0.154345
316,1136269311,0.264558,1.682626
317,710460754,0.165417,1.872388
318,110208137,0.025660,0.304520
319,2864964692,0.667052,-0.034416
320,1099891619,0.256088,0.899217
321,3876590758,0.902589,-0.354775
322,1689265101,0.393313,0.281266
323,111768264,0.026023,-0.803352
324,1280145287,0.298057,2.579180
325,2787954490,0.649121,0.089755
326,3287323985,0.765390,-0.925319
327,2685259388,0.625211,0.952753
328,126080939,0.029356,0.177752
329,901908750,0.209992,0.935596
330,692256021,0.161178,1.498677
331,3166251888,0.737200,0.419088
332,3608463375,0.840161,-0.658905
333,4188673570,0.975252,0.125333
334,3627392793,0.844568,-0.185503
335,503119268,0.117142,-0.992156
336,1415261363,0.329516,1.817793
337,911903350,0.212319,-1.470419
338,2545483613,0.592667,-0.968090
339,2527590680,0.588501,0.661906
340,596519319,0.138888,0.788819
341,3203938826,0.745975,-0.765289
342,2166612449,0.504454,-0.021421
343,641339852,0.149324,1.845751
344,224731835,0.052324,0.629668
345,2594912478,0.604175,0.664360
346,3715582629,0.865101,-0.752601
347,1297644480,0.302131,-1.546736
348,2163981343,0.503841,-0.037337
349,1966267122,0.457807,0.613066
350,3571613097,0.831581,-1.089387
351,2407639796,0.560572,0.796497
352,3790985667,0.882658,-0.723316
353,4005147718,0.932521,0.359079
354,4102487789,0.955185,-0.103870
355,1442927464,0.335958,-0.248551
356,1189322663,0.276911,1.455940
357,518625498,0.120752,0.715791
358,3464270449,0.806588,-1.927609
359,2820958492,0.656806,-0.878108
360,2347069899,0.546470,-0.263932
361,3745488046,0.872064,0.101035
362,940915765,0.219074,0.513397
363,1823285264,0.424517,0.868633
364,3717198895,0.865478,-0.979328
365,2963280834,0.689943,0.743086
366,3932241977,0.915546,-0.436023
367,679930948,0.158309,1.355558
368,537922259,0.125245,1.359734
369,1344967190,0.313150,-1.487244
370,2297635453,0.534960,-0.332045
371,1857716664,0.432533,0.680743
372,3599686071,0.838117,-1.101263
373,1330506666,0.309783,-0.684608
374,1390651137,0.323786,1.369336
375,1973539948,0.459501,-1.138045
376,1859503323,0.432949,0.509984
377,1125921918,0.262149,1.634220
378,34984389,0.008145,0.083711
379,2237405280,0.520937,0.990940
380,355627071,0.082801,0.567708
381,1591656594,0.370586,-1.072996
382,2629494473,0.612227,-0.913245
383,864141716,0.201199,-1.721202
384,1956298723,0.455486,0.494357
385,2380932070,0.554354,0.077580
386,1024879117,0.238623,1.083460
387,2685961224,0.625374,0.954389
388,118544327,0.027601,0.167190
389,1622291066,0.377719,1.238503
390,327294865,0.076204,0.642899
391,667374524,0.155385,1.160054
392,3662093291,0.852648,-1.542067
393,1629356110,0.379364,0.810187
394,649202517,0.151154,1.132305
395,1061840048,0.247229,1.484256
396,3968086095,0.923892,-0.769328
397,2719736162,0.633238,-0.817264
398,2520281433,0.586799,-0.495880
399,1814506212,0.422473,-1.299556
400,2244409587,0.522567,-0.185515
401,2658494902,0.618979,-0.746176
402,1665783197,0.387845,0.634499
403,2392873560,0.557134,0.385144
404,824875479,0.192056,1.010723
405,3135466826,0.730033,0.789940
406,62979105,0.014663,0.072986
407,4041860876,0.941069,0.046560
408,982152955,0.228675,0.345412
409,4284612638,0.997589,-0.005768
410,1130555621,0.263228,0.069241
411,3483174144,0.810990,0.310715
412,3563467871,0.829685,-0.567852
413,3687085618,0.858467,0.115930
414,929226729,0.216352,0.540162
415,1332488244,0.310244,-0.372564
416,1241888259,0.289150,1.483910
417,193553286,0.045065,-0.494729
418,1210475821,0.281836,2.440192
419,337052840,0.078476,1.666573
420,3789365223,0.882280,-1.520675
421,3975060506,0.925516,-0.340971
422,2504604849,0.583149,-0.196333
423,3969814108,0.924294,-0.188686
424,1412486667,0.328870,0.349066
425,3745854446,0.872150,0.103547
426,937519733,0.218283,0.512705
427,1220082000,0.284072,1.569205
428,4193877103,0.976463,-0.233771
429,2089123586,0.486412,0.691004
430,654520953,0.152393,0.981790
431,1803925892,0.420009,1.094634
432,403175187,0.093872,0.732621
433,3257078102,0.758348,0.045973
434,3263502525,0.759843,-0.742370
435,2407629560,0.560570,0.928390
436,3932776951,0.915671,-0.543778
437,2099298026,0.488781,-0.233868
438,1208213825,0.281309,1.173451
439,1874479532,0.436436,-0.608249
440,1410021659,0.328296,1.135015
441,2372180926,0.552316,-0.260846
442,3055980549,0.711526,-1.057936
443,3930276256,0.915089,-0.222060
444,1453262975,0.338364,0.357991
445,3561749458,0.829284,0.454718
446,3793905929,0.883338,-0.409408
447,2951274196,0.687147,-0.195085
448,3065953315,0.713848,-0.844012
449,3800003366,0.884757,0.042407
450,3279876173,0.763656,-0.493037
451,891606344,0.207593,-1.643438
452,1884321799,0.438728,0.665927
453,3104232890,0.722761,0.116258
454,974776785,0.226958,0.797395
455,1481775356,0.345003,1.010284
456,3744112683,0.871744,-1.052488
457,832386958,0.193805,0.791361
458,3530250645,0.821951,-1.629586
459,1897979376,0.441908,-0.000999
460,3220691087,0.749876,-1.278009
461,3796167842,0.883864,-0.144674
462,1275691929,0.297020,0.475366
463,3175782436,0.739419,-0.697087
464,1834681651,0.427170,0.343293
465,2417723638,0.562920,0.867679
466,3865897949,0.900100,-0.629577
467,1585839000,0.369232,1.408576
468,4250094103,0.989552,-0.092600
469,2238570634,0.521208,-0.223964
470,3086243425,0.718572,-1.119399
471,1572535372,0.366134,0.929204
472,585108283,0.136231,1.070556
473,1594623838,0.371277,-1.254906
474,2468923173,0.574841,-0.637828
475,1735839296,0.404157,1.319520
476,4158975135,0.968337,-0.266031
477,618484082,0.144002,0.084249
478,1044480553,0.243187,1.966916
479,899671412,0.209471,1.573375
480,323867203,0.075406,0.806740
481,3249820358,0.756658,0.746601
482,15207277,0.003541,0.016612
483,3664377320,0.853179,-0.523508
484,2406670375,0.560347,-0.208591
485,778231642,0.181196,0.546735
486,3426494193,0.797793,-1.765625
487,1619653532,0.377105,1.095411
488,3837557323,0.893501,-0.866336
489,3826125614,0.890839,-0.480641
490,2165823669,0.504270,-0.012899
491,1957302928,0.455720,-0.106693
492,3162981551,0.736439,-1.249148
493,1774332482,0.413119,1.095036
494,412312761,0.095999,0.754278
495,203278020,0.047329,1.734482
496,541598547,0.126101,1.758642
497,289853590,0.067487,-0.739917
498,2999537405,0.698384,-2.200947
499,1020642360,0.237637,-0.909143
500,2834315831,0.659916,-1.430902
501,926077482,0.215619,0.664505
502,3487193985,0.811926,-1.620776
503,3130261228,0.728821,-0.714235
504,2458971483,0.572524,-0.350033
505,2587902718,0.602543,0.215873
506,925994565,0.215600,0.983154
507,2908728032,0.677241,0.494982
508,3628064959,0.844725,-0.731060
509,2648733458,0.616706,-0.399146
510,1359489865,0.316531,0.898558
511,3577297940,0.832905,-0.055868
512,3157981283,0.735275,-0.602122
513,2349859430,0.547119,1.066406
514,4129928845,0.961574,-0.262593
515,789472904,0.183813,-1.310965
516,1615616071,0.376165,1.291913
517,711637242,0.165691,1.875380
518,4193776657,0.976440,-0.279665
519,2397969980,0.558321,-0.471913
520,1382966379,0.321997,0.971051
521,914337486,0.212886,1.665858
522,4071548885,0.947981,-0.564728
523,3816593200,0.888620,0.167235
524,833601743,0.194088,0.456294
525,2640656354,0.614826,0.981786
526,65590745,0.015272,0.094496
527,380061028,0.088490,0.809737
528,3478606195,0.809926,-2.047940
529,2190272566,0.509963,-0.460280
530,2942452253,0.685093,-1.065353
531,3214466264,0.748426,-0.705342
532,1883781719,0.438602,0.286456
533,1775735754,0.413446,1.227811
534,4026396833,0.937469,-0.508860
535,434983308,0.101277,1.919781
536,312860539,0.072844,0.945635
537,417943198,0.097310,1.408567
538,587785573,0.136854,1.635740
539,4129675136,0.961515,0.176231
540,3686261983,0.858275,-0.217791
541,62745778,0.014609,-2.895005
542,2210292841,0.514624,-0.266758
543,2539446964,0.591261,0.926155
544,302919299,0.070529,0.439581
545,1484423686,0.345619,0.105569
546,1024192941,0.238464,1.453853
547,2990155560,0.696200,-0.163855
548,1206181991,0.280836,0.835098
549,4270219930,0.994238,-0.054322
550,1435849009,0.334310,0.092770
551,19306716,0.004495,-2.651177
552,2580045451,0.600714,-1.944415
553,484057710,0.112703,2.066659
554,4193814261,0.976448,-0.308073
555,566258640,0.131842,1.219942
556,628706543,0.146382,1.601262
557,4220917122,0.982759,0.158345
558,3914454777,0.911405,-0.098539
559,2945389572,0.685777,0.656784
560,487624595,0.113534,0.568367
561,1423298518,0.331388,1.457697
562,134202685,0.031246,0.289921
563,3489088888,0.812367,0.514129
564,442714743,0.103078,0.388945
565,1757685098,0.409243,-0.864467
566,1554453953,0.361925,1.019603
567,2741957676,0.638412,-0.804705
568,2527519131,0.588484,-0.499993
569,1760504382,0.409899,1.327280
570,4218866821,0.982281,-0.148378
571,1341215776,0.312276,-0.773675
572,2857695487,0.665359,-1.314976
573,249311826,0.058047,-1.528435
574,2745970057,0.639346,-1.832178
575,2561857876,0.596479,-1.002902
576,2035250339,0.473869,0.166160
577,1910231462,0.444760,1.132244
578,324451533,0.075542,0.581775
579,924137416,0.215168,1.607152
580,4014241927,0.934639,-0.699815
581,1881005114,0.437956,-0.643247
582,1432108625,0.333439,1.112434
583,1759208316,0.409598,-0.501534
584,2958190763,0.688757,-1.238396
585,1057318414,0.246176,-1.580071
586,2377954837,0.553661,-0.553887
587,1738379376,0.404748,-0.994826
588,1642850575,0.382506,0.905154
589,4139565858,0.963818,0.266158
590,135686169,0.031592,0.053537
591,3179098788,0.740192,-0.297127
592,2952519091,0.687437,-0.716525
593,755599222,0.175927,-1.778379
594,2355746909,0.548490,-0.559234
595,2870541848,0.668350,-0.296473
596,2991155863,0.696433,-0.847343
597,4083189514,0.950692,0.014697
598,1042139873,0.242642,0.317671
599,314631884,0.073256,-1.957947
600,2518414267,0.586364,-1.180692
601,3426342366,0.797757,-0.654939
602,2302886821,0.536183,-0.151514
603,2632589504,0.612948,-0.375906
604,2954829087,0.687975,-0.915230
605,1805961202,0.420483,0.977490
606,3793323689,0.883202,-0.881598
607,165879796,0.038622,-1.546012
608,1518783171,0.353619,2.029216
609,1461449030,0.340270,-0.898268
610,1523718125,0.354768,1.161528
611,3838285928,0.893671,-0.040099
612,1131618471,0.263475,0.472470
613,3097044442,0.721087,-0.373863
614,1402256241,0.326488,0.717090
615,196378140,0.045723,2.304602
616,261391051,0.060860,0.926890
617,4176050606,0.972313,0.050578
618,3368252725,0.784232,-0.231512
619,3241936144,0.754822,-0.723160
620,1963955503,0.457269,0.198963
621,4114694338,0.958027,0.291770
622,58624313,0.013650,0.025084
623,991535428,0.230860,0.551859
624,849427411,0.197773,1.620907
625,3826257686,0.890870,-0.179514
626,2959637373,0.689094,-0.445969
627,3794142904,0.883393,-0.490614
628,2265094839,0.527383,-0.085256
629,1024768170,0.238597,-1.177394
630,2695499777,0.627595,-1.216428
631,3079350636,0.716967,0.777351
632,210572763,0.049028,0.247337
633,951144830,0.221456,-0.287948
634,3107343045,0.723485,-1.712353
635,2469936480,0.575077,0.794511
636,488526143,0.113744,0.689388
637,3128896914,0.728503,0.380473
638,3561910217,0.829322,-0.699119
639,798340756,0.185878,1.224099
640,574370019,0.133731,1.366349
641,3139625190,0.731001,-0.644152
642,2571502349,0.598725,-0.460162
643,913918216,0.212788,-1.700833
644,1970854087,0.458875,0.449536
645,2237677434,0.521000,-1.070119
646,2391197841,0.556744,-0.398567
647,3277449404,0.763091,-0.194589
648,3038162155,0.707377,-0.709149
649,1517182286,0.353247,1.234299
650,3923035221,0.913403,-0.746782
651,247712176,0.057675,-0.863883
652,2968277327,0.691106,-2.227009
653,1368100450,0.318536,1.141028
654,3805428313,0.886020,-0.993024
655,923557860,0.215033,-0.808738
656,1401465331,0.326304,1.555595
657,2261870262,0.526633,-1.085596
658,2344857245,0.545955,-0.322468
659,1514561368,0.352636,0.693417
660,731306711,0.170271,1.266416
661,3980966474,0.926891,-0.374452
662,1955849505,0.455382,0.107815
663,1970650124,0.458828,-1.232455
664,2038581243,0.474644,0.198027
665,1480432926,0.344690,-1.126107
666,2618810853,0.609739,-0.928495
667,3171133952,0.738337,0.618194
668,3847918943,0.895913,-0.473863
669,2412995378,0.561819,-1.024292
670,1939007721,0.451460,0.322452
671,1651678516,0.384561,-0.032822
672,1089971971,0.253779,1.382109
673,2228789382,0.518930,1.125951
674,4168777261,0.970619,-0.210251
675,4216474024,0.981724,0.190233
676,4200440039,0.977991,-0.026475
677,4158335258,0.968188,0.138780
678,679110065,0.158118,0.213069
679,4252214108,0.990046,0.094015
680,576775947,0.134291,0.105686
681,662442222,0.154237,-0.899771
682,1404609397,0.327036,1.711416
683,73195088,0.017042,1.373628
684,730471791,0.170076,2.501457
685,1510190082,0.351619,1.316714
686,291076985,0.067772,0.597227
687,3556601476,0.828086,0.078586
688,3308922899,0.770419,-0.609181
689,1446350422,0.336755,0.886538
690,3661853117,0.852592,-1.179343
691,1285687288,0.299347,-1.515881
692,1997417207,0.465060,0.338240
693,526683114,0.122628,-1.926602
694,2384677441,0.555226,-0.696711
695,3290996396,0.766245,0.522464
696,3766716955,0.877007,-0.509449
697,2294724798,0.534282,-0.910456
698,1722812677,0.401124,0.651715
699,2020894368,0.470526,0.025887
700,3235637631,0.753356,-1.227655
701,1946773714,0.453269,0.948854
702,489615881,0.113998,0.825964
703,253875156,0.059110,1.159348
704,725691683,0.168963,2.076686
705,3475320870,0.809161,-0.098915
706,1178044749,0.274285,0.643218
707,1450875464,0.337808,-1.418338
708,2334750983,0.543602,-0.398585
709,2775704250,0.646269,0.524500
710,666342097,0.155145,0.773291
711,3148459516,0.733058,-0.514474
712,1559965995,0.363208,0.596974
713,3623523470,0.843667,-0.552687
714,2369196693,0.551622,-0.185826
715,707740400,0.164784,-0.049339
716,3203463567,0.745864,-1.898370
717,1360107938,0.316675,-1.028320
718,1583107225,0.368596,1.114593
719,1217711396,0.283521,0.068523
720,1044231731,0.243129,1.586268
721,3341059574,0.777901,0.704772
722,4222600413,0.983151,-0.074892
723,1180762264,0.274918,-1.597506
724,2221968151,0.517342,-0.174764
725,1657810314,0.385989,-0.832095
726,2778742625,0.646976,-1.100686
727,2940981580,0.684751,0.192705
728,3373849659,0.785536,-0.848685
729,3694437470,0.860178,-0.515739
730,1908850725,0.444439,0.187734
731,4155667264,0.967567,0.122907
732,732581279,0.170567,0.225468
733,3817422450,0.888813,-0.436768
734,2456455977,0.571938,-0.212062
735,3058391668,0.712087,-0.484840
736,1503707971,0.350109,0.666363
737,3908079558,0.909921,0.416624
738,4098172013,0.954180,-0.123371
739,3206167272,0.746494,0.472050
740,618946855,0.144110,0.601585
741,2542562394,0.591986,-0.996418
742,1988513777,0.462987,0.235997
743,2477000860,0.576722,0.953112
744,4000156491,0.931359,-0.438599
745,2547116078,0.593047,-0.027445
746,1092096437,0.254274,1.021866
747,3697473424,0.860885,0.533573
748,153675183,0.035780,0.122017
749,1830639426,0.426229,1.302743
750,4246908345,0.988810,-0.091742
751,3749346244,0.872963,-0.513830
752,2031834195,0.473073,0.087772
753,2189839766,0.509862,1.109183
754,4090537981,0.952403,-0.341972
755,682314040,0.158864,-0.611820
756,2999319351,0.698333,-1.817992
757,3136528170,0.730280,-0.429490
758,1465042049,0.341107,0.666478
759,3599193068,0.838002,0.017654
760,1053441627,0.245273,0.594270
761,409952254,0.095449,0.310639
762,975439685,0.227112,2.145185
763,1088802784,0.253507,-1.325923
764,1707983295,0.397671,0.993307
765,1320870930,0.307539,1.510101
766,4170036297,0.970912,-0.279106
767,3969331476,0.924182,-0.083377
768,1218341219,0.283667,0.388253
769,1428340582,0.332561,1.225244
770,409685901,0.095387,0.837042
771,5843848,0.001361,3.552732
772,144070983,0.033544,0.760076
773,1267910138,0.295208,1.187382
774,3811482897,0.887430,-1.015023
775,2936714044,0.683757,0.677410
776,3829396843,0.891601,-0.549019
777,1189743566,0.277009,0.073155
778,1042522325,0.242731,1.600644
779,1260387376,0.293457,-1.385077
780,1815732687,0.422758,0.730486
781,3633243362,0.845930,-0.574204
782,2230623961,0.519358,-0.070185
783,4149639780,0.966163,0.073972
784,878379635,0.204514,0.251740
785,1698882870,0.395552,-1.175522
786,1785600797,0.415743,0.687819
787,682156504,0.158827,-1.176937
788,2769714007,0.644874,-1.514826
789,2671173834,0.621931,0.627277
790,595777953,0.138715,0.745906
791,1837311628,0.427782,0.531720
792,3508514939,0.816890,-1.189771
793,3076451230,0.716292,-0.585552
794,1620041317,0.377195,0.569617
795,775322752,0.180519,-1.761277
796,1934509535,0.450413,0.567224
797,436623794,0.101659,1.225943
798,3638586729,0.847174,-1.751947
799,1521309620,0.354207,-1.418047
800,2025987971,0.471712,0.254729
801,3399728902,0.791561,-0.606490
802,1819413165,0.423615,0.315699
803,962554920,0.224112,-0.199959
804,3142017383,0.731558,-1.717915
805,3001872282,0.698928,0.598936
806,536377905,0.124885,0.598073
807,3414535644,0.795009,0.258877
808,3489296267,0.812415,-0.625929
809,2032861038,0.473312,-1.194252
810,1998700533,0.465359,0.264122
811,2056147152,0.478734,1.141079
812,237759983,0.055358,0.413714
813,2983084674,0.694554,0.797355
814,4045021177,0.941805,-0.305282
815,47237380,0.010998,0.975722
816,847560851,0.197338,2.840421
817,2151828694,0.501012,-0.571622
818,2874154557,0.669191,-1.027375
819,3481389688,0.810574,-0.038380
820,1114246007,0.259431,0.646956
821,4211208810,0.980498,-0.180379
822,1853390529,0.431526,0.082777
823,1005013292,0.233998,-1.510363
824,2476815003,0.576678,-0.789741
825,3874178878,0.902028,-0.235167
826,2849129861,0.663365,-0.388480
827,1842116896,0.428901,1.001706
828,473160191,0.110166,0.830447
829,2647891794,0.616510,0.683996
830,548058761,0.127605,0.706760
831,3174420052,0.739102,-0.707572
832,1855186339,0.431944,0.322460
833,878415526,0.204522,-0.605567
834,1310807501,0.305196,1.675544
835,3713334472,0.864578,0.533635
836,100628871,0.023429,0.079130
837,855828794,0.199263,0.139674
838,3274434385,0.762389,-1.790740
839,985462908,0.229446,0.299338
840,3341089195,0.777908,-1.689548
841,1987887886,0.462841,1.238224
842,47869717,0.011146,0.086854
843,1121318256,0.261077,0.944576
844,3641117199,0.847764,-1.339274
845,188968994,0.043998,-1.729847
846,2698719513,0.628345,-1.804124
847,2291230628,0.533469,0.161027
848,975212211,0.227059,1.109405
849,409764982,0.095406,-1.280851
850,2789126493,0.649394,-1.748900
851,4200465176,0.977997,-0.052340
852,3049827223,0.710093,-0.204347
853,767349770,0.178663,-1.855809
854,2155590625,0.501888,-0.022011
855,2640034764,0.614681,0.733607
856,500614331,0.116558,0.659639
857,2298245854,0.535102,1.117731
858,4273159333,0.994922,-0.035671
859,2177877440,0.507077,1.034800
860,3968237087,0.923927,-0.536074
861,646624498,0.150554,1.334718
862,557092777,0.129708,1.416120
863,3839399156,0.893930,-0.152862
864,2996550595,0.697689,-0.448207
865,2972855878,0.692172,-0.015692
866,3208720621,0.747088,-0.857669
867,3009535336,0.700712,0.816981
868,4123435431,0.960062,-0.209425
869,2772218586,0.645457,-0.161467
870,1192289393,0.277602,0.921694
871,3797455644,0.884164,-0.377951
872,1665635275,0.387811,0.321525
873,986142382,0.229604,1.323802
874,471182901,0.109706,1.091029
875,1344203280,0.312972,-1.511954
876,2060662319,0.479785,0.193076
877,3948309954,0.919288,-0.223719
878,1467994681,0.341794,0.343893
879,591418948,0.137700,1.715190
880,364276947,0.084815,1.011669
881,2796129302,0.651025,0.847088
882,4009874557,0.933622,-0.375310
883,3664087992,0.853112,-0.510896
884,1849318327,0.430578,0.238147
885,181372330,0.042229,-2.490098
886,2245294337,0.522773,-0.358757
887,2173206124,0.505989,-1.122783
888,2336777947,0.544074,-0.319123
889,863661694,0.201087,-1.579184
890,1811596229,0.421795,0.845111
891,3228066400,0.751593,0.213948
892,877539903,0.204318,0.724809
893,4103314066,0.955377,-0.279794
894,2412116169,0.561615,-0.114075
895,3057494932,0.711879,0.341136
896,3512836579,0.817896,-0.750548
897,2484051430,0.578363,-0.834375
898,1704565773,0.396875,0.631604
899,3601731080,0.838593,0.372392
900,3685013959,0.857984,-0.461934
901,1459768442,0.339879,1.425663
902,166687121,0.038810,0.354706
903,1006665148,0.234382,0.080033
904,3253353963,0.757480,-1.701528
905,1978841678,0.460735,0.844898
906,563838293,0.131279,0.914337
907,579940016,0.135028,-1.595414
908,1704489551,0.396857,1.207975
909,1282358114,0.298572,0.140525
910,1011876697,0.235596,1.548463
911,2173015268,0.505945,-1.032099
912,2479774451,0.577367,-0.545369
913,3621872566,0.843283,-0.037506
914,3177285533,0.739769,-0.582665
915,4106249304,0.956061,0.218239
916,516365271,0.120226,0.205523
917,3651274570,0.850129,-0.532710
918,2395655713,0.557782,-0.202374
919,1813352716,0.422204,-1.305187
920,2071861499,0.482393,0.144983
921,810367518,0.188678,1.211764
922,577821413,0.134535,1.366400
923,1404980992,0.327123,1.469182
924,127071839,0.029586,0.276305
925,1012289586,0.235692,-1.683802
926,2242310633,0.522079,-0.235094
927,705499700,0.164262,-1.185038
928,1533908995,0.357141,1.486025
929,1675353478,0.390074,-1.322930
930,2331154221,0.542764,-0.364274
931,3059846824,0.712426,-0.251271
932,1285693927,0.299349,0.784233
933,163296794,0.038020,-0.865084
934,1309642417,0.304925,2.406427
935,1432139868,0.333446,-1.472714
936,2224355339,0.517898,-0.166319
937,2347167214,0.546492,-0.940083
938,2519981173,0.586729,-0.569837
939,240436048,0.055981,0.884473
940,3479092847,0.810039,-2.232308
941,485873922,0.113126,1.267273
942,3667117177,0.853817,-1.659072
943,1711874948,0.398577,-1.336737
944,2263898387,0.527105,-0.229880
945,2365328214,0.550721,0.977415
946,3978676925,0.926358,-0.487559
947,580291832,0.135110,-0.075385
948,3195464695,0.744002,-1.999413
949,1436309738,0.334417,-1.372245
950,2410066753,0.561137,-0.554687
951,1957360556,0.455734,1.133314
952,301980443,0.070310,0.535998
953,2103236030,0.489698,-1.165055
954,1994228229,0.464317,0.265672
955,972655520,0.226464,0.069249
956,1046268543,0.243603,1.722075
957,641390034,0.149335,-1.950151
958,2149546761,0.500480,-0.005886
959,1290717396,0.300519,1.228965
960,3846676003,0.895624,-0.945588
961,3682528550,0.857405,0.419321
962,487858765,0.113588,0.363123
963,363093832,0.084539,1.501837
964,566655495,0.131935,1.638768
965,4073779130,0.948501,0.049896
966,968440785,0.225483,0.321335
967,3491054332,0.812824,0.258170
968,3503276587,0.815670,-0.589770
969,2492199310,0.580260,0.725861
970,547802005,0.127545,0.749455
971,999401456,0.232691,-0.568179
972,2989365903,0.696016,-1.610360
973,1062356642,0.247349,1.135381
974,563287449,0.131151,1.226710
975,2809332260,0.654099,0.127190
976,3315885875,0.772040,-0.912588
977,3672212214,0.855004,0.559116
978,4262895069,0.992533,-0.026252
979,2433746328,0.566651,-1.043702
980,2287062039,0.532498,-0.216127
981,2921757322,0.680275,-0.631086
982,1622157409,0.377688,0.610121
983,1190176332,0.277110,1.557220
984,4132810043,0.962245,-0.376497
985,3432071518,0.799091,0.496625
986,3792222501,0.882946,-0.449359
987,1161959488,0.270540,-1.555224
988,1957932703,0.455867,0.442664
989,3467193202,0.807269,-0.467982
990,1618449449,0.376825,0.457373
991,1066061684,0.248212,1.641453
992,125285443,0.029170,0.304264
993,3923823814,0.913586,-0.183902
994,2915450221,0.678806,-0.383321
995,194936808,0.045387,-2.440386
996,2014962215,0.469145,0.479130
997,3148478810,0.733062,0.424958
998,3610540273,0.840644,-0.663671
999,3788643740,0.882112,-0.193209
1000,1344445515,0.313028,0.462106
