i,Xi,Ri
1,1963362406,0.457131
2,437421197,0.101845
3,3790920840,0.882643
4,3473167943,0.808660
5,3874922234,0.902201
6,3233194513,0.752787
7,2649814076,0.616958
8,483869291,0.112660
9,4098290894,0.954208
10,3518068181,0.819114
11,422694192,0.098416
12,1701281487,0.396110
13,23977442,0.005583
14,3229434841,0.751911
15,2349128548,0.546949
16,3034312563,0.706481
17,1866264118,0.434523
18,1823903773,0.424661
19,2448741080,0.570142
20,3371677783,0.785030
21,620034506,0.144363
22,488644257,0.113771
23,2164107148,0.503870
24,918437243,0.213840
25,3516535966,0.818757
26,1223095141,0.284774
27,3120598400,0.726571
28,3092718303,0.720080
29,3095892658,0.720819
30,4079374953,0.949803
31,3866622132,0.900268
32,120736899,0.028111
33,490997766,0.114319
34,2628501421,0.611996
35,1466670376,0.341486
36,3865828967,0.900083
37,2727692442,0.635090
38,268107569,0.062424
39,4188303068,0.975165
40,1097874571,0.255619
41,819226734,0.190741
42,2341606645,0.545198
43,2468389328,0.574717
44,2195720943,0.511231
45,931249026,0.216823
46,242042105,0.056355
47,1036495364,0.241328
48,2276732307,0.530093
49,1578685910,0.367566
50,3402306365,0.792161
51,1398684536,0.325657
52,3533817975,0.822781
53,4163144554,0.969308
54,53494721,0.012455
55,1052396076,0.245030
56,3820896155,0.889622
57,3499290686,0.814742
58,3584809605,0.834654
59,3862366752,0.899277
60,3630380799,0.845264
61,541677650,0.126119
62,3109755785,0.724046
63,2741563220,0.638320
64,3075642019,0.716104
65,3287832486,0.765508
66,2989329101,0.696007
67,4229017032,0.984645
68,219838087,0.051185
69,87015994,0.020260
70,2129194065,0.495742
71,2421438844,0.563785
72,3166258859,0.737202
73,2326965262,0.541789
74,1164788757,0.271199
75,4062758512,0.945935
76,679585551,0.158228
77,1141598498,0.265799
78,2167985689,0.504774
79,1511049380,0.351819
80,389970867,0.090797
81,1683983734,0.392083
82,942417501,0.219424
83,1829434392,0.425948
84,4187416727,0.974959
85,3229871370,0.752013
86,3113089249,0.724823
87,2277981388,0.530384
88,1941066171,0.451940
89,609262558,0.141855
90,1800360357,0.419179
91,1125832384,0.262128
92,1327258399,0.309026
93,1932848626,0.450026
94,1771009193,0.412345
95,632567284,0.147281
96,954788035,0.222304
97,2819323718,0.656425
98,4234143213,0.985838
99,3071217256,0.715073
100,4028112551,0.937868
101,137235418,0.031953
102,667445617,0.155402
103,1739084828,0.404912
104,3359269067,0.782141
105,499761070,0.116360
106,3658154805,0.851731
107,41040656,0.009556
108,2756989743,0.641912
109,1299375810,0.302535
110,2082993977,0.484985
111,2609395524,0.607547
112,3456293331,0.804731
113,452531478,0.105363
114,3902916989,0.908719
115,807599288,0.188034
116,1289689271,0.300279
117,1903894186,0.443285
118,209796609,0.048847
119,1808564076,0.421089
120,2720166875,0.633338
121,2193299326,0.510667
122,3063503045,0.713277
123,1188295520,0.276672
124,210407231,0.048989
125,296899474,0.069127
126,1493917129,0.347830
127,1912720532,0.445340
128,3095219939,0.720662
129,1013278438,0.235922
130,3238711565,0.754071
131,3280715528,0.763851
132,2154616519,0.501661
133,418915706,0.097536
134,148993681,0.034690
135,424197820,0.098766
136,561744619,0.130791
137,3120669518,0.726587
138,1211322965,0.282033
139,1680146352,0.391190
140,140513103,0.032716
141,1847604322,0.430179
142,3330451545,0.775431
143,3503683044,0.815765
144,445204467,0.103657
145,1322085558,0.307822
146,3019111581,0.702942
147,1104041304,0.257055
148,528636119,0.123083
149,1920081994,0.447054
150,2891060001,0.673127
151,2389840396,0.556428
152,2929108475,0.681986
153,1438278430,0.334875
154,2287071205,0.532500
155,998924288,0.232580
156,3300250463,0.768399
157,1344899378,0.313134
158,1092015849,0.254255
159,2700718900,0.628810
160,1721222403,0.400753
161,669918854,0.155978
162,3925232685,0.913914
163,2964307880,0.690182
164,4079001319,0.949717
165,418778906,0.097505
166,75240369,0.017518
167,3537729884,0.823692
168,168084747,0.039135
169,3812775662,0.887731
170,2997760373,0.697970
171,2338919504,0.544572
172,715971439,0.166700
173,3027980802,0.705007
174,2341529977,0.545180
175,3701605508,0.861847
176,1868154387,0.434964
177,12883030,0.003000
178,367706045,0.085613
179,2603941368,0.606277
180,143173879,0.033335
181,2664493546,0.620376
182,759724097,0.176887
183,660599980,0.153808
184,1553393691,0.361678
185,3140910782,0.731300
186,3577812741,0.833024
187,1063656608,0.247652
188,4020643711,0.936129
189,1996656338,0.464883
190,1056563209,0.246000
191,3745769940,0.872130
192,2009090851,0.467778
193,1166915110,0.271694
194,82466637,0.019201
195,1638076488,0.381394
196,3241899783,0.754814
197,1569704122,0.365475
198,3772793041,0.878422
199,1443791868,0.336159
200,1197346603,0.278779
201,3514030734,0.818174
202,1615044757,0.376032
203,3227941104,0.751564
204,2772613007,0.645549
205,585908130,0.136417
206,1520089753,0.353923
207,3046400804,0.709295
208,1123832883,0.261663
209,1707510774,0.397561
210,776868573,0.180879
211,2306799256,0.537094
212,3808037143,0.886628
213,1174377354,0.273431
214,128740705,0.029975
215,37627724,0.008761
216,4088085051,0.951831
217,2232904286,0.519889
218,3056520741,0.711652
219,1150232896,0.267809
220,3378744223,0.786675
221,3265619058,0.760336
222,3556538665,0.828071
223,1837658228,0.427863
224,612294979,0.142561
225,2754352582,0.641298
226,1135538797,0.264388
227,227389672,0.052943
228,2814730023,0.655355
229,2955760218,0.688192
230,1213595121,0.282562
231,4169391772,0.970762
232,588212555,0.136954
233,1887317550,0.439425
234,3149635509,0.733332
235,524627344,0.122149
236,3593053103,0.836573
237,2950364482,0.686935
238,652745657,0.151979
239,1716851140,0.399736
240,267973203,0.062392
241,3871036310,0.901296
242,3236296189,0.753509
243,2916368184,0.679020
244,3453909303,0.804176
245,728106282,0.169525
246,2546332289,0.592864
247,2125769196,0.494944
248,1062968411,0.247492
249,960833022,0.223711
250,1742935365,0.405809
251,288196064,0.067101
252,1375076287,0.320160
253,1668942354,0.388581
254,3848708681,0.896097
255,2691647252,0.626698
256,2841347939,0.661553
257,2259764582,0.526142
258,2081168781,0.484560
259,1066901896,0.248407
260,2814793543,0.655370
261,1312205818,0.305522
262,3374664465,0.785725
263,2749729084,0.640221
264,1788924779,0.416517
265,1615417806,0.376119
266,1407069909,0.327609
267,2553098800,0.594440
268,3748241359,0.872705
269,1169132258,0.272210
270,1203834073,0.280289
271,227283044,0.052918
272,1423417459,0.331415
273,545975094,0.127120
274,897214749,0.208899
275,4250720216,0.989698
276,742259031,0.172821
277,2255242954,0.525090
278,501024673,0.116654
279,2422963340,0.564140
280,2402291323,0.559327
281,296202654,0.068965
282,1260776549,0.293547
283,1063858816,0.247699
284,1298498527,0.302330
285,2112389042,0.491829
286,3162528617,0.736334
287,3768610228,0.877448
288,1188969859,0.276829
289,1678066950,0.390705
290,667539629,0.155424
291,3605586472,0.839491
292,105275239,0.024511
293,3910391194,0.910459
294,3583387697,0.834322
295,3587933148,0.835381
296,1872383371,0.435948
297,4106044782,0.956013
298,3681766901,0.857228
299,4014376656,0.934670
300,2802494447,0.652507
301,3268536450,0.761015
302,2020445689,0.470422
303,3722534660,0.866720
304,2485149331,0.578619
305,3827126998,0.891072
306,2547215421,0.593070
307,3242246264,0.754894
308,2770372983,0.645028
309,41572458,0.009679
310,3191450817,0.743068
311,3205144364,0.746256
312,3065024667,0.713632
313,4230417726,0.984971
314,3837744005,0.893544
315,1030369056,0.239901
316,1136269311,0.264558
317,710460754,0.165417
318,110208137,0.025660
319,2864964692,0.667052
320,1099891619,0.256088
321,3876590758,0.902589
322,1689265101,0.393313
323,111768264,0.026023
324,1280145287,0.298057
325,2787954490,0.649121
326,3287323985,0.765390
327,2685259388,0.625211
328,126080939,0.029356
329,901908750,0.209992
330,692256021,0.161178
331,3166251888,0.737200
332,3608463375,0.840161
333,4188673570,0.975252
334,3627392793,0.844568
335,503119268,0.117142
336,1415261363,0.329516
337,911903350,0.212319
338,2545483613,0.592667
339,2527590680,0.588501
340,596519319,0.138888
341,3203938826,0.745975
342,2166612449,0.504454
343,641339852,0.149324
344,224731835,0.052324
345,2594912478,0.604175
346,3715582629,0.865101
347,1297644480,0.302131
348,2163981343,0.503841
349,1966267122,0.457807
350,3571613097,0.831581
351,2407639796,0.560572
352,3790985667,0.882658
353,4005147718,0.932521
354,4102487789,0.955185
355,1442927464,0.335958
356,1189322663,0.276911
357,518625498,0.120752
358,3464270449,0.806588
359,2820958492,0.656806
360,2347069899,0.546470
361,3745488046,0.872064
362,940915765,0.219074
363,1823285264,0.424517
364,3717198895,0.865478
365,2963280834,0.689943
366,3932241977,0.915546
367,679930948,0.158309
368,537922259,0.125245
369,1344967190,0.313150
370,2297635453,0.534960
371,1857716664,0.432533
372,3599686071,0.838117
373,1330506666,0.309783
374,1390651137,0.323786
375,1973539948,0.459501
376,1859503323,0.432949
377,1125921918,0.262149
378,34984389,0.008145
379,2237405280,0.520937
380,355627071,0.082801
381,1591656594,0.370586
382,2629494473,0.612227
383,864141716,0.201199
384,1956298723,0.455486
385,2380932070,0.554354
386,1024879117,0.238623
387,2685961224,0.625374
388,118544327,0.027601
389,1622291066,0.377719
390,327294865,0.076204
391,667374524,0.155385
392,3662093291,0.852648
393,1629356110,0.379364
394,649202517,0.151154
395,1061840048,0.247229
396,3968086095,0.923892
397,2719736162,0.633238
398,2520281433,0.586799
399,1814506212,0.422473
400,2244409587,0.522567
401,2658494902,0.618979
402,1665783197,0.387845
403,2392873560,0.557134
404,824875479,0.192056
405,3135466826,0.730033
406,62979105,0.014663
407,4041860876,0.941069
408,982152955,0.228675
409,4284612638,0.997589
410,1130555621,0.263228
411,3483174144,0.810990
412,3563467871,0.829685
413,3687085618,0.858467
414,929226729,0.216352
415,1332488244,0.310244
416,1241888259,0.289150
417,193553286,0.045065
418,1210475821,0.281836
419,337052840,0.078476
420,3789365223,0.882280
421,3975060506,0.925516
422,2504604849,0.583149
423,3969814108,0.924294
424,1412486667,0.328870
425,3745854446,0.872150
426,937519733,0.218283
427,1220082000,0.284072
428,4193877103,0.976463
429,2089123586,0.486412
430,654520953,0.152393
431,1803925892,0.420009
432,403175187,0.093872
433,3257078102,0.758348
434,3263502525,0.759843
435,2407629560,0.560570
436,3932776951,0.915671
437,2099298026,0.488781
438,1208213825,0.281309
439,1874479532,0.436436
440,1410021659,0.328296
441,2372180926,0.552316
442,3055980549,0.711526
443,3930276256,0.915089
444,1453262975,0.338364
445,3561749458,0.829284
446,3793905929,0.883338
447,2951274196,0.687147
448,3065953315,0.713848
449,3800003366,0.884757
450,3279876173,0.763656
451,891606344,0.207593
452,1884321799,0.438728
453,3104232890,0.722761
454,974776785,0.226958
455,1481775356,0.345003
456,3744112683,0.871744
457,832386958,0.193805
458,3530250645,0.821951
459,1897979376,0.441908
460,3220691087,0.749876
461,3796167842,0.883864
462,1275691929,0.297020
463,3175782436,0.739419
464,1834681651,0.427170
465,2417723638,0.562920
466,3865897949,0.900100
467,1585839000,0.369232
468,4250094103,0.989552
469,2238570634,0.521208
470,3086243425,0.718572
471,1572535372,0.366134
472,585108283,0.136231
473,1594623838,0.371277
474,2468923173,0.574841
475,1735839296,0.404157
476,4158975135,0.968337
477,618484082,0.144002
478,1044480553,0.243187
479,899671412,0.209471
480,323867203,0.075406
481,3249820358,0.756658
482,15207277,0.003541
483,3664377320,0.853179
484,2406670375,0.560347
485,778231642,0.181196
486,3426494193,0.797793
487,1619653532,0.377105
488,3837557323,0.893501
489,3826125614,0.890839
490,2165823669,0.504270
491,1957302928,0.455720
492,3162981551,0.736439
493,1774332482,0.413119
494,412312761,0.095999
495,203278020,0.047329
496,541598547,0.126101
497,289853590,0.067487
498,2999537405,0.698384
499,1020642360,0.237637
500,2834315831,0.659916
501,926077482,0.215619
502,3487193985,0.811926
503,3130261228,0.728821
504,2458971483,0.572524
505,2587902718,0.602543
506,925994565,0.215600
507,2908728032,0.677241
508,3628064959,0.844725
509,2648733458,0.616706
510,1359489865,0.316531
511,3577297940,0.832905
512,3157981283,0.735275
513,2349859430,0.547119
514,4129928845,0.961574
515,789472904,0.183813
516,1615616071,0.376165
517,711637242,0.165691
518,4193776657,0.976440
519,2397969980,0.558321
520,1382966379,0.321997
521,914337486,0.212886
522,4071548885,0.947981
523,3816593200,0.888620
524,833601743,0.194088
525,2640656354,0.614826
526,65590745,0.015272
527,380061028,0.088490
528,3478606195,0.809926
529,2190272566,0.509963
530,2942452253,0.685093
531,3214466264,0.748426
532,1883781719,0.438602
533,1775735754,0.413446
534,4026396833,0.937469
535,434983308,0.101277
536,312860539,0.072844
537,417943198,0.097310
538,587785573,0.136854
539,4129675136,0.961515
540,3686261983,0.858275
541,62745778,0.014609
542,2210292841,0.514624
543,2539446964,0.591261
544,302919299,0.070529
545,1484423686,0.345619
546,1024192941,0.238464
547,2990155560,0.696200
548,1206181991,0.280836
549,4270219930,0.994238
550,1435849009,0.334310
551,19306716,0.004495
552,2580045451,0.600714
553,484057710,0.112703
554,4193814261,0.976448
555,566258640,0.131842
556,628706543,0.146382
557,4220917122,0.982759
558,3914454777,0.911405
559,2945389572,0.685777
560,487624595,0.113534
561,1423298518,0.331388
562,134202685,0.031246
563,3489088888,0.812367
564,442714743,0.103078
565,1757685098,0.409243
566,1554453953,0.361925
567,2741957676,0.638412
568,2527519131,0.588484
569,1760504382,0.409899
570,4218866821,0.982281
571,1341215776,0.312276
572,2857695487,0.665359
573,249311826,0.058047
574,2745970057,0.639346
575,2561857876,0.596479
576,2035250339,0.473869
577,1910231462,0.444760
578,324451533,0.075542
579,924137416,0.215168
580,4014241927,0.934639
581,1881005114,0.437956
582,1432108625,0.333439
583,1759208316,0.409598
584,2958190763,0.688757
585,1057318414,0.246176
586,2377954837,0.553661
587,1738379376,0.404748
588,1642850575,0.382506
589,4139565858,0.963818
590,135686169,0.031592
591,3179098788,0.740192
592,2952519091,0.687437
593,755599222,0.175927
594,2355746909,0.548490
595,2870541848,0.668350
596,2991155863,0.696433
597,4083189514,0.950692
598,1042139873,0.242642
599,314631884,0.073256
600,2518414267,0.586364
601,3426342366,0.797757
602,2302886821,0.536183
603,2632589504,0.612948
604,2954829087,0.687975
605,1805961202,0.420483
606,3793323689,0.883202
607,165879796,0.038622
608,1518783171,0.353619
609,1461449030,0.340270
610,1523718125,0.354768
611,3838285928,0.893671
612,1131618471,0.263475
613,3097044442,0.721087
614,1402256241,0.326488
615,196378140,0.045723
616,261391051,0.060860
617,4176050606,0.972313
618,3368252725,0.784232
619,3241936144,0.754822
620,1963955503,0.457269
621,4114694338,0.958027
622,58624313,0.013650
623,991535428,0.230860
624,849427411,0.197773
625,3826257686,0.890870
626,2959637373,0.689094
627,3794142904,0.883393
628,2265094839,0.527383
629,1024768170,0.238597
630,2695499777,0.627595
631,3079350636,0.716967
632,210572763,0.049028
633,951144830,0.221456
634,3107343045,0.723485
635,2469936480,0.575077
636,488526143,0.113744
637,3128896914,0.728503
638,3561910217,0.829322
639,798340756,0.185878
640,574370019,0.133731
641,3139625190,0.731001
642,2571502349,0.598725
643,913918216,0.212788
644,1970854087,0.458875
645,2237677434,0.521000
646,2391197841,0.556744
647,3277449404,0.763091
648,3038162155,0.707377
649,1517182286,0.353247
650,3923035221,0.913403
651,247712176,0.057675
652,2968277327,0.691106
653,1368100450,0.318536
654,3805428313,0.886020
655,923557860,0.215033
656,1401465331,0.326304
657,2261870262,0.526633
658,2344857245,0.545955
659,1514561368,0.352636
660,731306711,0.170271
661,3980966474,0.926891
662,1955849505,0.455382
663,1970650124,0.458828
664,2038581243,0.474644
665,1480432926,0.344690
666,2618810853,0.609739
667,3171133952,0.738337
668,3847918943,0.895913
669,2412995378,0.561819
670,1939007721,0.451460
671,1651678516,0.384561
672,1089971971,0.253779
673,2228789382,0.518930
674,4168777261,0.970619
675,4216474024,0.981724
676,4200440039,0.977991
677,4158335258,0.968188
678,679110065,0.158118
679,4252214108,0.990046
680,576775947,0.134291
681,662442222,0.154237
682,1404609397,0.327036
683,73195088,0.017042
684,730471791,0.170076
685,1510190082,0.351619
686,291076985,0.067772
687,3556601476,0.828086
688,3308922899,0.770419
689,1446350422,0.336755
690,3661853117,0.852592
691,1285687288,0.299347
692,1997417207,0.465060
693,526683114,0.122628
694,2384677441,0.555226
695,3290996396,0.766245
696,3766716955,0.877007
697,2294724798,0.534282
698,1722812677,0.401124
699,2020894368,0.470526
700,3235637631,0.753356
701,1946773714,0.453269
702,489615881,0.113998
703,253875156,0.059110
704,725691683,0.168963
705,3475320870,0.809161
706,1178044749,0.274285
707,1450875464,0.337808
708,2334750983,0.543602
709,2775704250,0.646269
710,666342097,0.155145
711,3148459516,0.733058
712,1559965995,0.363208
713,3623523470,0.843667
714,2369196693,0.551622
715,707740400,0.164784
716,3203463567,0.745864
717,1360107938,0.316675
718,1583107225,0.368596
719,1217711396,0.283521
720,1044231731,0.243129
721,3341059574,0.777901
722,4222600413,0.983151
723,1180762264,0.274918
724,2221968151,0.517342
725,1657810314,0.385989
726,2778742625,0.646976
727,2940981580,0.684751
728,3373849659,0.785536
729,3694437470,0.860178
730,1908850725,0.444439
731,4155667264,0.967567
732,732581279,0.170567
733,3817422450,0.888813
734,2456455977,0.571938
735,3058391668,0.712087
736,1503707971,0.350109
737,3908079558,0.909921
738,4098172013,0.954180
739,3206167272,0.746494
740,618946855,0.144110
741,2542562394,0.591986
742,1988513777,0.462987
743,2477000860,0.576722
744,4000156491,0.931359
745,2547116078,0.593047
746,1092096437,0.254274
747,3697473424,0.860885
748,153675183,0.035780
749,1830639426,0.426229
750,4246908345,0.988810
751,3749346244,0.872963
752,2031834195,0.473073
753,2189839766,0.509862
754,4090537981,0.952403
755,682314040,0.158864
756,2999319351,0.698333
757,3136528170,0.730280
758,1465042049,0.341107
759,3599193068,0.838002
760,1053441627,0.245273
761,409952254,0.095449
762,975439685,0.227112
763,1088802784,0.253507
764,1707983295,0.397671
765,1320870930,0.307539
766,4170036297,0.970912
767,3969331476,0.924182
768,1218341219,0.283667
769,1428340582,0.332561
770,409685901,0.095387
771,5843848,0.001361
772,144070983,0.033544
773,1267910138,0.295208
774,3811482897,0.887430
775,2936714044,0.683757
776,3829396843,0.891601
777,1189743566,0.277009
778,1042522325,0.242731
779,1260387376,0.293457
780,1815732687,0.422758
781,3633243362,0.845930
782,2230623961,0.519358
783,4149639780,0.966163
784,878379635,0.204514
785,1698882870,0.395552
786,1785600797,0.415743
787,682156504,0.158827
788,2769714007,0.644874
789,2671173834,0.621931
790,595777953,0.138715
791,1837311628,0.427782
792,3508514939,0.816890
793,3076451230,0.716292
794,1620041317,0.377195
795,775322752,0.180519
796,1934509535,0.450413
797,436623794,0.101659
798,3638586729,0.847174
799,1521309620,0.354207
800,2025987971,0.471712
801,3399728902,0.791561
802,1819413165,0.423615
803,962554920,0.224112
804,3142017383,0.731558
805,3001872282,0.698928
806,536377905,0.124885
807,3414535644,0.795009
808,3489296267,0.812415
809,2032861038,0.473312
810,1998700533,0.465359
811,2056147152,0.478734
812,237759983,0.055358
813,2983084674,0.694554
814,4045021177,0.941805
815,47237380,0.010998
816,847560851,0.197338
817,2151828694,0.501012
818,2874154557,0.669191
819,3481389688,0.810574
820,1114246007,0.259431
821,4211208810,0.980498
822,1853390529,0.431526
823,1005013292,0.233998
824,2476815003,0.576678
825,3874178878,0.902028
826,2849129861,0.663365
827,1842116896,0.428901
828,473160191,0.110166
829,2647891794,0.616510
830,548058761,0.127605
831,3174420052,0.739102
832,1855186339,0.431944
833,878415526,0.204522
834,1310807501,0.305196
835,3713334472,0.864578
836,100628871,0.023429
837,855828794,0.199263
838,3274434385,0.762389
839,985462908,0.229446
840,3341089195,0.777908
841,1987887886,0.462841
842,47869717,0.011146
843,1121318256,0.261077
844,3641117199,0.847764
845,188968994,0.043998
846,2698719513,0.628345
847,2291230628,0.533469
848,975212211,0.227059
849,409764982,0.095406
850,2789126493,0.649394
851,4200465176,0.977997
852,3049827223,0.710093
853,767349770,0.178663
854,2155590625,0.501888
855,2640034764,0.614681
856,500614331,0.116558
857,2298245854,0.535102
858,4273159333,0.994922
859,2177877440,0.507077
860,3968237087,0.923927
861,646624498,0.150554
862,557092777,0.129708
863,3839399156,0.893930
864,2996550595,0.697689
865,2972855878,0.692172
866,3208720621,0.747088
867,3009535336,0.700712
868,4123435431,0.960062
869,2772218586,0.645457
870,1192289393,0.277602
871,3797455644,0.884164
872,1665635275,0.387811
873,986142382,0.229604
874,471182901,0.109706
875,1344203280,0.312972
876,2060662319,0.479785
877,3948309954,0.919288
878,1467994681,0.341794
879,591418948,0.137700
880,364276947,0.084815
881,2796129302,0.651025
882,4009874557,0.933622
883,3664087992,0.853112
884,1849318327,0.430578
885,181372330,0.042229
886,2245294337,0.522773
887,2173206124,0.505989
888,2336777947,0.544074
889,863661694,0.201087
890,1811596229,0.421795
891,3228066400,0.751593
892,877539903,0.204318
893,4103314066,0.955377
894,2412116169,0.561615
895,3057494932,0.711879
896,3512836579,0.817896
897,2484051430,0.578363
898,1704565773,0.396875
899,3601731080,0.838593
900,3685013959,0.857984
901,1459768442,0.339879
902,166687121,0.038810
903,1006665148,0.234382
904,3253353963,0.757480
905,1978841678,0.460735
906,563838293,0.131279
907,579940016,0.135028
908,1704489551,0.396857
909,1282358114,0.298572
910,1011876697,0.235596
911,2173015268,0.505945
912,2479774451,0.577367
913,3621872566,0.843283
914,3177285533,0.739769
915,4106249304,0.956061
916,516365271,0.120226
917,3651274570,0.850129
918,2395655713,0.557782
919,1813352716,0.422204
920,2071861499,0.482393
921,810367518,0.188678
922,577821413,0.134535
923,1404980992,0.327123
924,127071839,0.029586
925,1012289586,0.235692
926,2242310633,0.522079
927,705499700,0.164262
928,1533908995,0.357141
929,1675353478,0.390074
930,2331154221,0.542764
931,3059846824,0.712426
932,1285693927,0.299349
933,163296794,0.038020
934,1309642417,0.304925
935,1432139868,0.333446
936,2224355339,0.517898
937,2347167214,0.546492
938,2519981173,0.586729
939,240436048,0.055981
940,3479092847,0.810039
941,485873922,0.113126
942,3667117177,0.853817
943,1711874948,0.398577
944,2263898387,0.527105
945,2365328214,0.550721
946,3978676925,0.926358
947,580291832,0.135110
948,3195464695,0.744002
949,1436309738,0.334417
950,2410066753,0.561137
951,1957360556,0.455734
952,301980443,0.070310
953,2103236030,0.489698
954,1994228229,0.464317
955,972655520,0.226464
956,1046268543,0.243603
957,641390034,0.149335
958,2149546761,0.500480
959,1290717396,0.300519
960,3846676003,0.895624
961,3682528550,0.857405
962,487858765,0.113588
963,363093832,0.084539
964,566655495,0.131935
965,4073779130,0.948501
966,968440785,0.225483
967,3491054332,0.812824
968,3503276587,0.815670
969,2492199310,0.580260
970,547802005,0.127545
971,999401456,0.232691
972,2989365903,0.696016
973,1062356642,0.247349
974,563287449,0.131151
975,2809332260,0.654099
976,3315885875,0.772040
977,3672212214,0.855004
978,4262895069,0.992533
979,2433746328,0.566651
980,2287062039,0.532498
981,2921757322,0.680275
982,1622157409,0.377688
983,1190176332,0.277110
984,4132810043,0.962245
985,3432071518,0.799091
986,3792222501,0.882946
987,1161959488,0.270540
988,1957932703,0.455867
989,3467193202,0.807269
990,1618449449,0.376825
991,1066061684,0.248212
992,125285443,0.029170
993,3923823814,0.913586
994,2915450221,0.678806
995,194936808,0.045387
996,2014962215,0.469145
997,3148478810,0.733062
998,3610540273,0.840644
999,3788643740,0.882112
1000,1344445515,0.313028
